{
    "Ar36": {
        "error": 0.0015023046888741523, 
        "fit": "linear", 
        "value": 0.0077416471844208769
    }, 
    "Ar37": {
        "error": 0.14887314375506411, 
        "fit": "linear", 
        "value": 2.4139964518915651
    }, 
    "Ar38": {
        "error": 0.17986958193392846, 
        "fit": "linear", 
        "value": 11.544116782254495
    }, 
    "Ar39": {
        "error": 0.34210515176442224, 
        "fit": "linear", 
        "value": 933.43667508982344
    }, 
    "Ar40": {
        "error": 0.54091330606293042, 
        "fit": "linear", 
        "value": 1847.401682634897
    }, 
    "Ar41": {
        "error": 0.12944940061163485, 
        "fit": "average_SEM", 
        "value": -0.060720485778276476
    }
}