{
    "Ar36": {
        "error": 0.0020286633236293373, 
        "fit": "linear", 
        "value": 0.019942616327478339
    }, 
    "Ar37": {
        "error": 0.13211450430927674, 
        "fit": "linear", 
        "value": 1.2436163427823601
    }, 
    "Ar38": {
        "error": 0.22794201257798455, 
        "fit": "linear", 
        "value": 6.0929343011194597
    }, 
    "Ar39": {
        "error": 0.20897479018324389, 
        "fit": "linear", 
        "value": 500.180556659123
    }, 
    "Ar40": {
        "error": 0.39946594062562862, 
        "fit": "linear", 
        "value": 992.79318211205896
    }, 
    "Ar41": {
        "error": 0.1173457205021652, 
        "fit": "average_SEM", 
        "value": -0.085583201700743905
    }
}