{
    "Ar36": {
        "error": 0.0016546117531672821, 
        "fit": "linear", 
        "value": 0.014774443044885295
    }, 
    "Ar37": {
        "error": 0.13686039628812199, 
        "fit": "linear", 
        "value": 1.4708334576411506
    }, 
    "Ar38": {
        "error": 0.16669269201115669, 
        "fit": "linear", 
        "value": 7.1846606363293875
    }, 
    "Ar39": {
        "error": 0.27643173409147842, 
        "fit": "linear", 
        "value": 581.34483791967057
    }, 
    "Ar40": {
        "error": 0.44439080391011854, 
        "fit": "linear", 
        "value": 1152.5399965557931
    }, 
    "Ar41": {
        "error": 0.13644252225841511, 
        "fit": "average_SEM", 
        "value": -0.08556733257137239
    }
}