{
    "Ar36": {
        "error": 0.0016577130797830295, 
        "fit": "linear", 
        "value": 0.012836936322340384
    }, 
    "Ar37": {
        "error": 0.1307839615985941, 
        "fit": "linear", 
        "value": 1.2161785745045441
    }, 
    "Ar38": {
        "error": 0.18505533883473582, 
        "fit": "linear", 
        "value": 5.6975859419126209
    }, 
    "Ar39": {
        "error": 0.2269530935974442, 
        "fit": "linear", 
        "value": 465.98841973826387
    }, 
    "Ar40": {
        "error": 0.40097458375816475, 
        "fit": "linear", 
        "value": 939.50191681811316
    }, 
    "Ar41": {
        "error": 0.12011717746757893, 
        "fit": "average_SEM", 
        "value": -0.096578853138877693
    }
}