{
    "Ar36": {
        "error": 0.0018079870991870727, 
        "fit": "linear", 
        "value": 0.013342589428400695
    }, 
    "Ar37": {
        "error": 0.15317355478701511, 
        "fit": "linear", 
        "value": 2.462862999981243
    }, 
    "Ar38": {
        "error": 0.15912508743311396, 
        "fit": "linear", 
        "value": 11.071926170289155
    }, 
    "Ar39": {
        "error": 0.32494383915393904, 
        "fit": "linear", 
        "value": 896.90755781078155
    }, 
    "Ar40": {
        "error": 0.57727125928848444, 
        "fit": "linear", 
        "value": 1767.1318233899779
    }, 
    "Ar41": {
        "error": 0.1227884188640665, 
        "fit": "average_SEM", 
        "value": -0.061776172581853139
    }
}