{
    "Ar36": {
        "error": 0.0026023702616877818, 
        "fit": "linear", 
        "value": 0.034111504824127233
    }, 
    "Ar37": {
        "error": 0.13396693583063252, 
        "fit": "linear", 
        "value": 3.6671511987873036
    }, 
    "Ar38": {
        "error": 0.16729999400493409, 
        "fit": "linear", 
        "value": 16.762368913004135
    }, 
    "Ar39": {
        "error": 0.43900504050925032, 
        "fit": "linear", 
        "value": 1350.5521283695093
    }, 
    "Ar40": {
        "error": 0.64317678991760385, 
        "fit": "linear", 
        "value": 2668.9949301867746
    }, 
    "Ar41": {
        "error": 0.12861391737051864, 
        "fit": "average_SEM", 
        "value": -0.058366284151432204
    }
}