{
    "Ar36": {
        "error": 0.0025247207327733722, 
        "fit": "linear", 
        "value": 0.03320964603921616
    }, 
    "Ar37": {
        "error": 0.14277090759336827, 
        "fit": "linear", 
        "value": 1.689673431780339
    }, 
    "Ar38": {
        "error": 0.16403820539410527, 
        "fit": "linear", 
        "value": 9.6320830340605355
    }, 
    "Ar39": {
        "error": 0.29548339108631799, 
        "fit": "linear", 
        "value": 780.96071234693295
    }, 
    "Ar40": {
        "error": 0.53047475974026337, 
        "fit": "linear", 
        "value": 1552.1607957643846
    }, 
    "Ar41": {
        "error": 0.18540258588175343, 
        "fit": "average_SEM", 
        "value": -0.27154283870735929
    }
}