{
    "Ar36": {
        "error": 0.0024955109079988712, 
        "fit": "linear", 
        "value": 0.035358515518085235
    }, 
    "Ar37": {
        "error": 0.13908343769911782, 
        "fit": "linear", 
        "value": 1.5989678533333689
    }, 
    "Ar38": {
        "error": 0.19228361426940152, 
        "fit": "linear", 
        "value": 8.4541138542038414
    }, 
    "Ar39": {
        "error": 0.29376540240514454, 
        "fit": "linear", 
        "value": 678.08705209869618
    }, 
    "Ar40": {
        "error": 0.51589875052689771, 
        "fit": "linear", 
        "value": 1350.3292390563872
    }, 
    "Ar41": {
        "error": 0.12843583236431361, 
        "fit": "average_SEM", 
        "value": -0.060997869803880653
    }
}