{
    "Ar36": {
        "error": 0.0017213950906216531, 
        "fit": "linear", 
        "value": 0.011020863998334986
    }, 
    "Ar37": {
        "error": 0.12888867988330308, 
        "fit": "linear", 
        "value": 1.7927848361478729
    }, 
    "Ar38": {
        "error": 0.17982038160217517, 
        "fit": "linear", 
        "value": 10.800196024484855
    }, 
    "Ar39": {
        "error": 0.32976305898885333, 
        "fit": "linear", 
        "value": 876.322986803704
    }, 
    "Ar40": {
        "error": 0.57549604269372845, 
        "fit": "linear", 
        "value": 1724.6971795231584
    }, 
    "Ar41": {
        "error": 0.13678744804957482, 
        "fit": "average_SEM", 
        "value": -0.32521521808683046
    }
}