{
    "Ar36": {
        "error": 0.0018983122265064506, 
        "fit": "parabolic", 
        "value": 0.013641026231844856
    }, 
    "Ar37": {
        "error": 0.13640826279227627, 
        "fit": "linear", 
        "value": 1.4488845711878637
    }, 
    "Ar38": {
        "error": 0.19368266869991524, 
        "fit": "linear", 
        "value": 9.1810833462643604
    }, 
    "Ar39": {
        "error": 0.24163372284362278, 
        "fit": "parabolic", 
        "value": 742.36116949804682
    }, 
    "Ar40": {
        "error": 0.49116113465100814, 
        "fit": "parabolic", 
        "value": 1455.4424316187974
    }, 
    "Ar41": {
        "error": 0.12973410355383572, 
        "fit": "average_SEM", 
        "value": -0.27235749848943669
    }
}