{
    "Ar36": {
        "error": 0.0024608801203289963, 
        "fit": "parabolic", 
        "value": 0.025102658286714881
    }, 
    "Ar37": {
        "error": 0.13985260649600936, 
        "fit": "linear", 
        "value": 1.7346245245051803
    }, 
    "Ar38": {
        "error": 0.17208503814650838, 
        "fit": "linear", 
        "value": 11.685790648868306
    }, 
    "Ar39": {
        "error": 0.30593271908196351, 
        "fit": "parabolic", 
        "value": 939.28528483974924
    }, 
    "Ar40": {
        "error": 0.53750772616926334, 
        "fit": "parabolic", 
        "value": 1841.9044936899545
    }, 
    "Ar41": {
        "error": 0.13438877675110797, 
        "fit": "average_SEM", 
        "value": -0.27114058180581196
    }
}