{
    "Ar36": {
        "error": 0.0026128920058826675, 
        "fit": "parabolic", 
        "value": 0.030790540240649988
    }, 
    "Ar37": {
        "error": 0.13468958395339575, 
        "fit": "linear", 
        "value": 2.6717596967324999
    }, 
    "Ar38": {
        "error": 0.1756872339103531, 
        "fit": "linear", 
        "value": 17.990924743373998
    }, 
    "Ar39": {
        "error": 0.37538164515893507, 
        "fit": "parabolic", 
        "value": 1439.9036677926674
    }, 
    "Ar40": {
        "error": 0.70403591201765892, 
        "fit": "parabolic", 
        "value": 2820.2354460984916
    }, 
    "Ar41": {
        "error": 0.13976919372649418, 
        "fit": "average_SEM", 
        "value": 0.01205634366167942
    }
}