{
    "Ar36": {
        "error": 0.0018732432227482653, 
        "fit": "parabolic", 
        "value": 0.0082014518025323654
    }, 
    "Ar37": {
        "error": 0.13704952917208002, 
        "fit": "linear", 
        "value": 0.061871709391663893
    }, 
    "Ar38": {
        "error": 0.24141802994391923, 
        "fit": "linear", 
        "value": 12.405668430119828
    }, 
    "Ar39": {
        "error": 0.28179476873653664, 
        "fit": "parabolic", 
        "value": 1010.743728998453
    }, 
    "Ar40": {
        "error": 0.54256945324679806, 
        "fit": "parabolic", 
        "value": 1995.0106915803372
    }, 
    "Ar41": {
        "error": 0.12201549995104162, 
        "fit": "average_SEM", 
        "value": 0.27263441122078802
    }
}