{
    "Ar36": {
        "error": 0.0020951733559364263, 
        "fit": "linear", 
        "value": 0.027166763415254362
    }, 
    "Ar37": {
        "error": 0.14796527290199588, 
        "fit": "linear", 
        "value": 2.4910930053908293
    }, 
    "Ar38": {
        "error": 0.17626031546443219, 
        "fit": "linear", 
        "value": 11.681076562162751
    }, 
    "Ar39": {
        "error": 0.31276600134076571, 
        "fit": "linear", 
        "value": 940.96103083154935
    }, 
    "Ar40": {
        "error": 0.59865748391119156, 
        "fit": "linear", 
        "value": 1839.317857099431
    }, 
    "Ar41": {
        "error": 0.12834627812374058, 
        "fit": "average_SEM", 
        "value": -0.069638755569273292
    }
}