{
    "AX": {
        "error": 0.08398464846514347, 
        "fit": "average_SEM", 
        "value": -0.06353829212538484
    }, 
    "CDD": {
        "error": 0.00015192559544245526, 
        "fit": "average_SEM", 
        "value": 0.00018829068996840053
    }, 
    "H1": {
        "error": 0.1483935200197451, 
        "fit": "average_SEM", 
        "value": 0.01245664249387725
    }, 
    "H2": {
        "error": 0.11559877454111069, 
        "fit": "average_SEM", 
        "value": -0.10375503806604279
    }, 
    "L1": {
        "error": 0.13900413655986527, 
        "fit": "average_SEM", 
        "value": -0.07565063357663651
    }, 
    "L2": {
        "error": 0.1417958526801684, 
        "fit": "average_SEM", 
        "value": 0.02494758614597635
    }
}