{
    "AX": {
        "error": 0.07453683255687028, 
        "fit": "average_SEM", 
        "value": -0.04913908570177025
    }, 
    "CDD": {
        "error": 0.0001559925549456581, 
        "fit": "average_SEM", 
        "value": 0.00016583400202863332
    }, 
    "H1": {
        "error": 0.10228776612164117, 
        "fit": "average_SEM", 
        "value": 0.017780072390774473
    }, 
    "H2": {
        "error": 0.14882594797467877, 
        "fit": "average_SEM", 
        "value": -0.09934339544528889
    }, 
    "L1": {
        "error": 0.14298857534087703, 
        "fit": "average_SEM", 
        "value": -0.09726556296098149
    }, 
    "L2": {
        "error": 0.13618077947273427, 
        "fit": "average_SEM", 
        "value": 0.012835873091696865
    }
}