{
    "AX": {
        "error": 0.07534968223121248, 
        "fit": "average_SEM", 
        "value": -0.05144305571334876
    }, 
    "CDD": {
        "error": 0.00014143360667660405, 
        "fit": "average_SEM", 
        "value": 0.000136467563182426
    }, 
    "H1": {
        "error": 0.13178950528024103, 
        "fit": "average_SEM", 
        "value": 0.02460885488221215
    }, 
    "H2": {
        "error": 0.13133043095222052, 
        "fit": "average_SEM", 
        "value": -0.09374084468258338
    }, 
    "L1": {
        "error": 0.15574820317699414, 
        "fit": "average_SEM", 
        "value": -0.07572857041636274
    }, 
    "L2": {
        "error": 0.13827427793543148, 
        "fit": "average_SEM", 
        "value": 0.0001017363077456442
    }
}