{
    "AX": {
        "error": 0.06131038734811926, 
        "fit": "average_SEM", 
        "value": -0.04634983048357147
    }, 
    "CDD": {
        "error": 0.0001394028151818449, 
        "fit": "average_SEM", 
        "value": 0.00012092062614909891
    }, 
    "H1": {
        "error": 0.12491211914089712, 
        "fit": "average_SEM", 
        "value": 0.03550669013897682
    }, 
    "H2": {
        "error": 0.1443153850731193, 
        "fit": "average_SEM", 
        "value": -0.3885639100025097
    }, 
    "L1": {
        "error": 0.19855708223930005, 
        "fit": "average_SEM", 
        "value": -0.10699436421661328
    }, 
    "L2": {
        "error": 0.13439387239447187, 
        "fit": "average_SEM", 
        "value": -0.010987920464119977
    }
}