{
    "AX": {
        "error": 0.06243588310813886, 
        "fit": "average_SEM", 
        "value": -0.03904859706979348
    }, 
    "CDD": {
        "error": 8.859286911666357e-05, 
        "fit": "average_SEM", 
        "value": 5.70054369745776e-05
    }, 
    "H1": {
        "error": 0.12346975287488673, 
        "fit": "average_SEM", 
        "value": -0.008567771390597853
    }, 
    "H2": {
        "error": 0.1301071614628167, 
        "fit": "average_SEM", 
        "value": -0.3521325243016084
    }, 
    "L1": {
        "error": 0.1460219835414013, 
        "fit": "average_SEM", 
        "value": -0.07045448976051476
    }, 
    "L2": {
        "error": 0.13649260993415, 
        "fit": "average_SEM", 
        "value": 0.032226382369279036
    }
}