{
    "AX": {
        "error": 0.06840970969053853, 
        "fit": "average_SEM", 
        "value": -0.0493441202373813
    }, 
    "CDD": {
        "error": 0.00013353207570261622, 
        "fit": "average_SEM", 
        "value": 0.00010537368814564414
    }, 
    "H1": {
        "error": 0.12127039513597741, 
        "fit": "average_SEM", 
        "value": -0.005155049985559244
    }, 
    "H2": {
        "error": 0.11809502836628948, 
        "fit": "average_SEM", 
        "value": -0.11234766722837877
    }, 
    "L1": {
        "error": 0.11875261152794436, 
        "fit": "average_SEM", 
        "value": -0.1104582054954436
    }, 
    "L2": {
        "error": 0.13531200507285104, 
        "fit": "average_SEM", 
        "value": -0.019339115333019033
    }
}