{
    "AX": {
        "error": 0.06132879380802388, 
        "fit": "average_SEM", 
        "value": -0.03631633324068338
    }, 
    "CDD": {
        "error": 7.330955139102736e-05, 
        "fit": "average_SEM", 
        "value": 2.9366437552703752e-05
    }, 
    "H1": {
        "error": 0.12440838877487581, 
        "fit": "average_SEM", 
        "value": 0.022828916920762922
    }, 
    "H2": {
        "error": 0.12483249472625335, 
        "fit": "average_SEM", 
        "value": -0.3800698594914542
    }, 
    "L1": {
        "error": 0.1570691678213692, 
        "fit": "average_SEM", 
        "value": -0.11092508794325921
    }, 
    "L2": {
        "error": 0.13520109143607503, 
        "fit": "average_SEM", 
        "value": -0.03058806579469496
    }
}