{
    "AX": {
        "error": 0.07687753248436102, 
        "fit": "average_SEM", 
        "value": -0.06836871378537682
    }, 
    "CDD": {
        "error": 0.00023474205319770985, 
        "fit": "average_SEM", 
        "value": 0.0002539333188906312
    }, 
    "H1": {
        "error": 0.11859925225597766, 
        "fit": "average_SEM", 
        "value": 0.0064747397095844565
    }, 
    "H2": {
        "error": 0.15296320209364256, 
        "fit": "average_SEM", 
        "value": -0.3679542443197634
    }, 
    "L1": {
        "error": 0.16628527126165624, 
        "fit": "average_SEM", 
        "value": -0.08800907614446866
    }, 
    "L2": {
        "error": 0.1412293605258356, 
        "fit": "average_SEM", 
        "value": -0.013776722721134622
    }
}