{
    "AX": {
        "error": 0.08593194295044893, 
        "fit": "average_SEM", 
        "value": -0.05575132613109114
    }, 
    "CDD": {
        "error": 0.00017070525734206996, 
        "fit": "average_SEM", 
        "value": 0.0001917455653407766
    }, 
    "H1": {
        "error": 0.14452422974612694, 
        "fit": "average_SEM", 
        "value": 0.014374258599612706
    }, 
    "H2": {
        "error": 0.1295712736855573, 
        "fit": "average_SEM", 
        "value": -0.2870315236660341
    }, 
    "L1": {
        "error": 0.15794749590994572, 
        "fit": "average_SEM", 
        "value": -0.10119535009919976
    }, 
    "L2": {
        "error": 0.13540650469049115, 
        "fit": "average_SEM", 
        "value": 0.006699341836307818
    }
}