{
    "AX": {
        "error": 0.07639311764250997, 
        "fit": "average_SEM", 
        "value": -0.0498491786813247
    }, 
    "CDD": {
        "error": 0.0001632236674696268, 
        "fit": "average_SEM", 
        "value": 0.00016842515809306253
    }, 
    "H1": {
        "error": 0.12167132883875711, 
        "fit": "average_SEM", 
        "value": 0.0077859786300299065
    }, 
    "H2": {
        "error": 0.14417695678081355, 
        "fit": "average_SEM", 
        "value": -0.053007812342548276
    }, 
    "L1": {
        "error": 0.12659190292531358, 
        "fit": "average_SEM", 
        "value": -0.07417652388103306
    }, 
    "L2": {
        "error": 0.12457003425395394, 
        "fit": "average_SEM", 
        "value": 0.010659040474759724
    }
}