{
    "AX": {
        "error": 0.083088594174917, 
        "fit": "average_SEM", 
        "value": -0.06202782722078458
    }, 
    "CDD": {
        "error": 0.00017097771590611255, 
        "fit": "average_SEM", 
        "value": 0.00019822345614860145
    }, 
    "H1": {
        "error": 0.13921460306026956, 
        "fit": "average_SEM", 
        "value": 0.04612748439709927
    }, 
    "H2": {
        "error": 0.1330392241757775, 
        "fit": "average_SEM", 
        "value": -0.2997024407144636
    }, 
    "L1": {
        "error": 0.13528930579366685, 
        "fit": "average_SEM", 
        "value": -0.05779016868036706
    }, 
    "L2": {
        "error": 0.14662548461861682, 
        "fit": "average_SEM", 
        "value": 0.010674219753127545
    }
}