{
    "AX": {
        "error": 0.07890808591050964, 
        "fit": "average_SEM", 
        "value": -0.01835180670459522
    }, 
    "CDD": {
        "error": 0.0002193080664954457, 
        "fit": "average_SEM", 
        "value": 0.0003174166498259486
    }, 
    "H1": {
        "error": 0.11896807832634923, 
        "fit": "average_SEM", 
        "value": 0.05209883593876536
    }, 
    "H2": {
        "error": 0.13723986870567226, 
        "fit": "average_SEM", 
        "value": -0.048067371364838136
    }, 
    "L1": {
        "error": 0.1603936287518174, 
        "fit": "average_SEM", 
        "value": -0.05895295557954038
    }, 
    "L2": {
        "error": 0.12264271310584723, 
        "fit": "average_SEM", 
        "value": -0.02318580805537446
    }
}