{
    "AX": {
        "error": 0.08150173829409098, 
        "fit": "average_SEM", 
        "value": -0.010268594771974903
    }, 
    "CDD": {
        "error": 0.00021098843515052432, 
        "fit": "average_SEM", 
        "value": 0.0003238945399061777
    }, 
    "H1": {
        "error": 0.1466029659283585, 
        "fit": "average_SEM", 
        "value": 0.05279191889355085
    }, 
    "H2": {
        "error": 0.139643429950228, 
        "fit": "average_SEM", 
        "value": 0.2291038453578949
    }, 
    "L1": {
        "error": 0.17296955368465738, 
        "fit": "average_SEM", 
        "value": -0.06304661559618126
    }, 
    "L2": {
        "error": 0.13952157993383296, 
        "fit": "average_SEM", 
        "value": -0.029567423492941693
    }
}