{
    "AX": {
        "error": 0.08433946535310148, 
        "fit": "average_SEM", 
        "value": -0.01603073132961678
    }, 
    "CDD": {
        "error": 0.00019409052376794666, 
        "fit": "average_SEM", 
        "value": 0.00026948025673239804
    }, 
    "H1": {
        "error": 0.12746338808056557, 
        "fit": "average_SEM", 
        "value": 0.07682696089080612
    }, 
    "H2": {
        "error": 0.1280151370242476, 
        "fit": "average_SEM", 
        "value": 0.22326745133129103
    }, 
    "L1": {
        "error": 0.1965088298540185, 
        "fit": "average_SEM", 
        "value": -0.06949854211901159
    }, 
    "L2": {
        "error": 0.13825440029608255, 
        "fit": "average_SEM", 
        "value": -0.061083651045919396
    }
}