{
    "AX": {
        "error": 0.0845194353791676, 
        "fit": "average_SEM", 
        "value": -0.01792408641643609
    }, 
    "CDD": {
        "error": 0.00024059549169911542, 
        "fit": "average_SEM", 
        "value": 0.00037442209213622846
    }, 
    "H1": {
        "error": 0.13342559092527675, 
        "fit": "average_SEM", 
        "value": 0.05896604931428252
    }, 
    "H2": {
        "error": 0.11943910308701201, 
        "fit": "average_SEM", 
        "value": 0.24463683656261612
    }, 
    "L1": {
        "error": 0.22109294133220841, 
        "fit": "average_SEM", 
        "value": -0.06408141411181228
    }, 
    "L2": {
        "error": 0.12754768763700533, 
        "fit": "average_SEM", 
        "value": -0.06369934612885117
    }
}