{
    "AX": {
        "error": 0.05797549773942767, 
        "fit": "average_SEM", 
        "value": -0.045536765804152106
    }, 
    "CDD": {
        "error": 0.00012883961699072859, 
        "fit": "average_SEM", 
        "value": 0.00011573831272673689
    }, 
    "H1": {
        "error": 0.1096764945154855, 
        "fit": "average_SEM", 
        "value": 0.0016975558285290996
    }, 
    "H2": {
        "error": 0.1411393886205097, 
        "fit": "average_SEM", 
        "value": -0.1021419268567115
    }, 
    "L1": {
        "error": 0.1435121232685697, 
        "fit": "average_SEM", 
        "value": -0.1156235524556703
    }, 
    "L2": {
        "error": 0.12162846001577239, 
        "fit": "average_SEM", 
        "value": 0.020161359423461058
    }
}