{
    "AX": {
        "error": 0.07866771223930323, 
        "fit": "average_SEM", 
        "value": -0.039867949668041545
    }, 
    "CDD": {
        "error": 0.00020276681229789123, 
        "fit": "average_SEM", 
        "value": 0.0002504784429523473
    }, 
    "H1": {
        "error": 0.12999467424935987, 
        "fit": "average_SEM", 
        "value": 0.0028661656141695047
    }, 
    "H2": {
        "error": 0.12633910473408153, 
        "fit": "average_SEM", 
        "value": -0.11978586788431535
    }, 
    "L1": {
        "error": 0.16608890355433606, 
        "fit": "average_SEM", 
        "value": -0.07516403697017167
    }, 
    "L2": {
        "error": 0.1279302749482269, 
        "fit": "average_SEM", 
        "value": -0.019602604221694894
    }
}