{
    "AX": {
        "error": 0.05729048406118071, 
        "fit": "average_SEM", 
        "value": -0.0070403718914652325
    }, 
    "CDD": {
        "error": 5.254213615036464e-05, 
        "fit": "average_SEM", 
        "value": 1.6842515469761567e-05
    }, 
    "H1": {
        "error": 0.11422235591384619, 
        "fit": "average_SEM", 
        "value": 0.03653819497485529
    }, 
    "H2": {
        "error": 0.11880951375389108, 
        "fit": "average_SEM", 
        "value": 0.22984848437675584
    }, 
    "L1": {
        "error": 0.183556520000684, 
        "fit": "average_SEM", 
        "value": -0.06998927056556567
    }, 
    "L2": {
        "error": 0.1332072229169184, 
        "fit": "average_SEM", 
        "value": -0.055220761950477024
    }
}