{
    "AX": {
        "error": 0.05474713894115832, 
        "fit": "average_SEM", 
        "value": -0.03711542382758732
    }, 
    "CDD": {
        "error": 3.119713176935617e-05, 
        "fit": "average_SEM", 
        "value": 6.47789056529291e-06
    }, 
    "H1": {
        "error": 0.12888615488799823, 
        "fit": "average_SEM", 
        "value": 0.030026241929347938
    }, 
    "H2": {
        "error": 0.1313755443830699, 
        "fit": "average_SEM", 
        "value": -0.29870170856981226
    }, 
    "L1": {
        "error": 0.12271180585340763, 
        "fit": "average_SEM", 
        "value": -0.06919745405223997
    }, 
    "L2": {
        "error": 0.13012663305141053, 
        "fit": "average_SEM", 
        "value": 0.0052760991364872705
    }
}