{
    "Ar36": {
        "error": 0.0065885975528767139, 
        "fit": "parabolic", 
        "value": 0.31601795636572771
    }, 
    "Ar37": {
        "error": 0.13634564153197759, 
        "fit": "linear", 
        "value": 0.019837631002387897
    }, 
    "Ar38": {
        "error": 0.15059672438904173, 
        "fit": "linear", 
        "value": -0.018491180571337154
    }, 
    "Ar39": {
        "error": 0.060524748974776124, 
        "fit": "parabolic", 
        "value": -0.00032048545656387928
    }, 
    "Ar40": {
        "error": 0.17875401740012919, 
        "fit": "parabolic", 
        "value": 96.068669729351598
    }, 
    "Ar41": {
        "error": 0.13628910786828047, 
        "fit": "average_SEM", 
        "value": -0.099359967348864306
    }
}