{
    "Ar36": {
        "error": 0.0066771476808505769, 
        "fit": "parabolic", 
        "value": 0.31163713311422259
    }, 
    "Ar37": {
        "error": 0.14302787862110716, 
        "fit": "linear", 
        "value": 0.052355609296313443
    }, 
    "Ar38": {
        "error": 0.15214200587978052, 
        "fit": "linear", 
        "value": -0.0037443331776272019
    }, 
    "Ar39": {
        "error": 0.056999963787577781, 
        "fit": "parabolic", 
        "value": -0.01755625049205245
    }, 
    "Ar40": {
        "error": 0.17684867074729071, 
        "fit": "parabolic", 
        "value": 95.028221769298383
    }, 
    "Ar41": {
        "error": 0.13203973416734088, 
        "fit": "average_SEM", 
        "value": -0.032861596794561292
    }
}