{
    "Ar36": {
        "error": 0.006690849456940825, 
        "fit": "parabolic", 
        "value": 0.31662517983319594
    }, 
    "Ar37": {
        "error": 0.13366165124631701, 
        "fit": "linear", 
        "value": 0.032529330682936758
    }, 
    "Ar38": {
        "error": 0.15251174049982424, 
        "fit": "linear", 
        "value": -0.0093249489459195159
    }, 
    "Ar39": {
        "error": 0.057701743834011908, 
        "fit": "parabolic", 
        "value": 0.0013274760947336595
    }, 
    "Ar40": {
        "error": 0.1876539884850528, 
        "fit": "parabolic", 
        "value": 95.944780316886209
    }, 
    "Ar41": {
        "error": 0.12833792325251461, 
        "fit": "average_SEM", 
        "value": -0.089148641870124265
    }
}