{
    "Ar36": {
        "error": 0.0010709262528300219, 
        "fit": "parabolic", 
        "value": 0.0036096869438034065
    }, 
    "Ar37": {
        "error": 0.13085112271360397, 
        "fit": "linear", 
        "value": -0.0094043198859650318
    }, 
    "Ar38": {
        "error": 0.14977405954869882, 
        "fit": "linear", 
        "value": -0.092295353490080057
    }, 
    "Ar39": {
        "error": 0.061733604050473637, 
        "fit": "parabolic", 
        "value": -0.029257106802441958
    }, 
    "Ar40": {
        "error": 0.13408902124756511, 
        "fit": "parabolic", 
        "value": 0.87017269445839751
    }, 
    "Ar41": {
        "error": 0.13597051560585102, 
        "fit": "average_SEM", 
        "value": -0.12354330148053122
    }
}